,Temperature,Source,Year
ustmean1895,-2.39,White Mountain 3800m,1895
ustmean1896,-1.85,White Mountain 3800m,1896
ustmean1897,-2.42,White Mountain 3800m,1897
ustmean1898,-2.26,White Mountain 3800m,1898
ustmean1899,-2.06,White Mountain 3800m,1899
ustmean1900,-2.04,White Mountain 3800m,1900
ustmean1901,-2.24,White Mountain 3800m,1901
ustmean1902,-2.28,White Mountain 3800m,1902
ustmean1903,-2.53,White Mountain 3800m,1903
ustmean1904,-2.37,White Mountain 3800m,1904
ustmean1905,-3.16,White Mountain 3800m,1905
ustmean1906,-3.04,White Mountain 3800m,1906
ustmean1907,-3.55,White Mountain 3800m,1907
ustmean1908,-3.29,White Mountain 3800m,1908
ustmean1909,-3.2,White Mountain 3800m,1909
ustmean1910,-1.89,White Mountain 3800m,1910
ustmean1911,-3.39,White Mountain 3800m,1911
ustmean1912,-3.88,White Mountain 3800m,1912
ustmean1913,-3.5,White Mountain 3800m,1913
ustmean1914,-2.62,White Mountain 3800m,1914
ustmean1915,-2.92,White Mountain 3800m,1915
ustmean1916,-3.62,White Mountain 3800m,1916
ustmean1917,-2.96,White Mountain 3800m,1917
ustmean1918,-2.73,White Mountain 3800m,1918
ustmean1919,-2.62,White Mountain 3800m,1919
ustmean1920,-2.97,White Mountain 3800m,1920
ustmean1921,-1.92,White Mountain 3800m,1921
ustmean1922,-3.1,White Mountain 3800m,1922
ustmean1923,-3.16,White Mountain 3800m,1923
ustmean1924,-2.18,White Mountain 3800m,1924
ustmean1925,-2.38,White Mountain 3800m,1925
ustmean1926,-1.24,White Mountain 3800m,1926
ustmean1927,-2.31,White Mountain 3800m,1927
ustmean1928,-1.44,White Mountain 3800m,1928
ustmean1929,-1.65,White Mountain 3800m,1929
ustmean1930,-2.19,White Mountain 3800m,1930
ustmean1931,-1.61,White Mountain 3800m,1931
ustmean1932,-2.26,White Mountain 3800m,1932
ustmean1933,-1.68,White Mountain 3800m,1933
ustmean1934,-0.24,White Mountain 3800m,1934
ustmean1935,-2.08,White Mountain 3800m,1935
ustmean1936,-1.16,White Mountain 3800m,1936
ustmean1937,-1.96,White Mountain 3800m,1937
ustmean1938,-2.46,White Mountain 3800m,1938
ustmean1939,-1.27,White Mountain 3800m,1939
ustmean1940,-1.13,White Mountain 3800m,1940
ustmean1941,-2.86,White Mountain 3800m,1941
ustmean1942,-2.2,White Mountain 3800m,1942
ustmean1943,-1.59,White Mountain 3800m,1943
ustmean1944,-3.2,White Mountain 3800m,1944
ustmean1945,-2.67,White Mountain 3800m,1945
ustmean1946,-2.54,White Mountain 3800m,1946
ustmean1947,-2.47,White Mountain 3800m,1947
ustmean1948,-3.21,White Mountain 3800m,1948
ustmean1949,-3.13,White Mountain 3800m,1949
ustmean1950,-1.74,White Mountain 3800m,1950
ustmean1951,-2.27,White Mountain 3800m,1951
ustmean1952,-3.22,White Mountain 3800m,1952
ustmean1953,-2.37,White Mountain 3800m,1953
ustmean1954,-1.84,White Mountain 3800m,1954
ustmean1955,-3.04,White Mountain 3800m,1955
ustmean1956,-2.32,White Mountain 3800m,1956
ustmean1957,-2.68,White Mountain 3800m,1957
ustmean1958,-2.08,White Mountain 3800m,1958
ustmean1959,-2.58,White Mountain 3800m,1959
ustmean1960,-2.75,White Mountain 3800m,1960
ustmean1961,-1.82,White Mountain 3800m,1961
ustmean1962,-1.76,White Mountain 3800m,1962
ustmean1963,-2.52,White Mountain 3800m,1963
ustmean1964,-3.04,White Mountain 3800m,1964
ustmean1965,-2.75,White Mountain 3800m,1965
ustmean1966,-1.06,White Mountain 3800m,1966
ustmean1967,-1.92,White Mountain 3800m,1967
ustmean1968,-1.76,White Mountain 3800m,1968
ustmean1969,-2.11,White Mountain 3800m,1969
ustmean1970,-2.57,White Mountain 3800m,1970
ustmean1971,-2.57,White Mountain 3800m,1971
ustmean1972,-1.66,White Mountain 3800m,1972
ustmean1973,-2.08,White Mountain 3800m,1973
ustmean1974,-2.41,White Mountain 3800m,1974
ustmean1975,-2.89,White Mountain 3800m,1975
ustmean1976,-2.03,White Mountain 3800m,1976
ustmean1977,-1.86,White Mountain 3800m,1977
ustmean1978,-2.41,White Mountain 3800m,1978
ustmean1979,-2.18,White Mountain 3800m,1979
ustmean1980,-2.27,White Mountain 3800m,1980
ustmean1981,-1.41,White Mountain 3800m,1981
ustmean1982,-3.31,White Mountain 3800m,1982
ustmean1983,-2.84,White Mountain 3800m,1983
ustmean1984,-2.2,White Mountain 3800m,1984
ustmean1985,-2.39,White Mountain 3800m,1985
ustmean1986,-1.86,White Mountain 3800m,1986
ustmean1987,-2.33,White Mountain 3800m,1987
ustmean1988,-1.72,White Mountain 3800m,1988
ustmean1989,-1.87,White Mountain 3800m,1989
ustmean1990,-2.2,White Mountain 3800m,1990
ustmean1991,-2.13,White Mountain 3800m,1991
ustmean1992,-1.59,White Mountain 3800m,1992
ustmean1993,-2.51,White Mountain 3800m,1993
ustmean1994,-2.05,White Mountain 3800m,1994
ustmean1995,-1.92,White Mountain 3800m,1995
ustmean1996,-1.39,White Mountain 3800m,1996
ustmean1997,-1.89,White Mountain 3800m,1997
ustmean1998,-3.29,White Mountain 3800m,1998
ustmean1999,-1.81,White Mountain 3800m,1999
ustmean2000,-1.59,White Mountain 3800m,2000
ustmean2001,-1.68,White Mountain 3800m,2001
ustmean2002,-1.71,White Mountain 3800m,2002
ustmean2003,-1.31,White Mountain 3800m,2003
ustmean2004,-1.71,White Mountain 3800m,2004
ustmean2005,-1.79,White Mountain 3800m,2005
ustmean2006,-1.93,White Mountain 3800m,2006
ustmean2007,-1.18,White Mountain 3800m,2007
ustmean2008,-1.51,White Mountain 3800m,2008
ustmean2009,-1.96,White Mountain 3800m,2009
ustmean2010,-2.49,White Mountain 3800m,2010
ustmean2011,-2.46,White Mountain 3800m,2011
ustmean18951,0.84,White Mountain 3200m,1895
ustmean18961,1.43,White Mountain 3200m,1896
ustmean18971,0.71,White Mountain 3200m,1897
ustmean18981,0.97,White Mountain 3200m,1898
ustmean18991,1.23,White Mountain 3200m,1899
ustmean19001,1.18,White Mountain 3200m,1900
ustmean19011,0.98,White Mountain 3200m,1901
ustmean19021,0.9,White Mountain 3200m,1902
ustmean19031,0.69,White Mountain 3200m,1903
ustmean19041,0.9,White Mountain 3200m,1904
ustmean19051,-0.17,White Mountain 3200m,1905
ustmean19061,-0.18,White Mountain 3200m,1906
ustmean19071,-0.7,White Mountain 3200m,1907
ustmean19081,-0.44,White Mountain 3200m,1908
ustmean19091,-0.18,White Mountain 3200m,1909
ustmean19101,1.16,White Mountain 3200m,1910
ustmean19111,-0.29,White Mountain 3200m,1911
ustmean19121,-0.88,White Mountain 3200m,1912
ustmean19131,-0.54,White Mountain 3200m,1913
ustmean19141,0.19,White Mountain 3200m,1914
ustmean19151,0.06,White Mountain 3200m,1915
ustmean19161,-0.68,White Mountain 3200m,1916
ustmean19171,-0.07,White Mountain 3200m,1917
ustmean19181,0.34,White Mountain 3200m,1918
ustmean19191,0.47,White Mountain 3200m,1919
ustmean19201,0.07,White Mountain 3200m,1920
ustmean19211,1.04,White Mountain 3200m,1921
ustmean19221,-0.22,White Mountain 3200m,1922
ustmean19231,-0.38,White Mountain 3200m,1923
ustmean19241,0.92,White Mountain 3200m,1924
ustmean19251,0.48,White Mountain 3200m,1925
ustmean19261,1.7,White Mountain 3200m,1926
ustmean19271,0.58,White Mountain 3200m,1927
ustmean19281,1.63,White Mountain 3200m,1928
ustmean19291,1.46,White Mountain 3200m,1929
ustmean19301,1.03,White Mountain 3200m,1930
ustmean19311,1.4,White Mountain 3200m,1931
ustmean19321,0.73,White Mountain 3200m,1932
ustmean19331,1.39,White Mountain 3200m,1933
ustmean19341,2.88,White Mountain 3200m,1934
ustmean19351,0.89,White Mountain 3200m,1935
ustmean19361,1.88,White Mountain 3200m,1936
ustmean19371,1.11,White Mountain 3200m,1937
ustmean19381,0.57,White Mountain 3200m,1938
ustmean19391,1.77,White Mountain 3200m,1939
ustmean19401,1.93,White Mountain 3200m,1940
ustmean19411,0.01,White Mountain 3200m,1941
ustmean19421,0.57,White Mountain 3200m,1942
ustmean19431,1.23,White Mountain 3200m,1943
ustmean19441,-0.53,White Mountain 3200m,1944
ustmean19451,-0.02,White Mountain 3200m,1945
ustmean19461,0.01,White Mountain 3200m,1946
ustmean19471,0.34,White Mountain 3200m,1947
ustmean19481,-0.28,White Mountain 3200m,1948
ustmean19491,-0.39,White Mountain 3200m,1949
ustmean19501,1.06,White Mountain 3200m,1950
ustmean19511,0.33,White Mountain 3200m,1951
ustmean19521,-0.54,White Mountain 3200m,1952
ustmean19531,0.65,White Mountain 3200m,1953
ustmean19541,1.29,White Mountain 3200m,1954
ustmean19551,0.27,White Mountain 3200m,1955
ustmean19561,0.74,White Mountain 3200m,1956
ustmean19571,0.28,White Mountain 3200m,1957
ustmean19581,1.12,White Mountain 3200m,1958
ustmean19591,2.19,White Mountain 3200m,1959
ustmean19601,1.57,White Mountain 3200m,1960
ustmean19611,1.56,White Mountain 3200m,1961
ustmean19621,1.27,White Mountain 3200m,1962
ustmean19631,1.02,White Mountain 3200m,1963
ustmean19641,0.82,White Mountain 3200m,1964
ustmean19651,0.25,White Mountain 3200m,1965
ustmean19661,0.86,White Mountain 3200m,1966
ustmean19671,0.84,White Mountain 3200m,1967
ustmean19681,0.85,White Mountain 3200m,1968
ustmean19691,0.59,White Mountain 3200m,1969
ustmean19701,1.02,White Mountain 3200m,1970
ustmean19711,0.11,White Mountain 3200m,1971
ustmean19721,0.68,White Mountain 3200m,1972
ustmean19731,0.84,White Mountain 3200m,1973
ustmean19741,1.1,White Mountain 3200m,1974
ustmean19751,0.71,White Mountain 3200m,1975
ustmean19761,1.45,White Mountain 3200m,1976
ustmean19771,1.37,White Mountain 3200m,1977
ustmean19781,0.07,White Mountain 3200m,1978
ustmean19791,0.37,White Mountain 3200m,1979
ustmean19801,0.59,White Mountain 3200m,1980
ustmean19811,1.41,White Mountain 3200m,1981
ustmean19821,-0.36,White Mountain 3200m,1982
ustmean19831,0.05,White Mountain 3200m,1983
ustmean19841,0.71,White Mountain 3200m,1984
ustmean19851,0.6,White Mountain 3200m,1985
ustmean19861,1.26,White Mountain 3200m,1986
ustmean19871,0.6,White Mountain 3200m,1987
ustmean19881,1.24,White Mountain 3200m,1988
ustmean19891,1.11,White Mountain 3200m,1989
ustmean19901,0.82,White Mountain 3200m,1990
ustmean19911,1.05,White Mountain 3200m,1991
ustmean19921,1.45,White Mountain 3200m,1992
ustmean19931,0.54,White Mountain 3200m,1993
ustmean19941,0.98,White Mountain 3200m,1994
ustmean19951,1.17,White Mountain 3200m,1995
ustmean19961,1.65,White Mountain 3200m,1996
ustmean19971,1.3,White Mountain 3200m,1997
ustmean19981,-0.01,White Mountain 3200m,1998
ustmean19991,1.41,White Mountain 3200m,1999
ustmean20001,1.62,White Mountain 3200m,2000
ustmean20011,1.05,White Mountain 3200m,2001
ustmean20021,1.12,White Mountain 3200m,2002
ustmean20031,1.81,White Mountain 3200m,2003
ustmean20041,1.64,White Mountain 3200m,2004
ustmean20051,1.22,White Mountain 3200m,2005
ustmean20061,1.07,White Mountain 3200m,2006
ustmean20071,1.87,White Mountain 3200m,2007
ustmean20081,1.58,White Mountain 3200m,2008
ustmean20091,1.21,White Mountain 3200m,2009
ustmean20101,0.74,White Mountain 3200m,2010
ustmean20111,1.13,White Mountain 3200m,2011
ustmean18952,-1.02,White Mountain 3500m,1895
ustmean18962,-0.44,White Mountain 3500m,1896
ustmean18972,-1.08,White Mountain 3500m,1897
ustmean18982,-0.86,White Mountain 3500m,1898
ustmean18992,-0.68,White Mountain 3500m,1899
ustmean19002,-0.69,White Mountain 3500m,1900
ustmean19012,-0.88,White Mountain 3500m,1901
ustmean19022,-0.86,White Mountain 3500m,1902
ustmean19032,-1.12,White Mountain 3500m,1903
ustmean19042,-0.96,White Mountain 3500m,1904
ustmean19052,-1.81,White Mountain 3500m,1905
ustmean19062,-1.73,White Mountain 3500m,1906
ustmean19072,-2.26,White Mountain 3500m,1907
ustmean19082,-2.02,White Mountain 3500m,1908
ustmean19092,-1.94,White Mountain 3500m,1909
ustmean19102,-0.65,White Mountain 3500m,1910
ustmean19112,-2.08,White Mountain 3500m,1911
ustmean19122,-2.55,White Mountain 3500m,1912
ustmean19132,-2.16,White Mountain 3500m,1913
ustmean19142,-1.3,White Mountain 3500m,1914
ustmean19152,-1.61,White Mountain 3500m,1915
ustmean19162,-2.32,White Mountain 3500m,1916
ustmean19172,-1.62,White Mountain 3500m,1917
ustmean19182,-1.38,White Mountain 3500m,1918
ustmean19192,-1.3,White Mountain 3500m,1919
ustmean19202,-1.68,White Mountain 3500m,1920
ustmean19212,-0.69,White Mountain 3500m,1921
ustmean19222,-1.81,White Mountain 3500m,1922
ustmean19232,-1.96,White Mountain 3500m,1923
ustmean19242,-0.86,White Mountain 3500m,1924
ustmean19252,-1.1,White Mountain 3500m,1925
ustmean19262,0.08,White Mountain 3500m,1926
ustmean19272,-1.02,White Mountain 3500m,1927
ustmean19282,-0.12,White Mountain 3500m,1928
ustmean19292,-0.31,White Mountain 3500m,1929
ustmean19302,-0.81,White Mountain 3500m,1930
ustmean19312,-0.3,White Mountain 3500m,1931
ustmean19322,-0.96,White Mountain 3500m,1932
ustmean19332,-0.37,White Mountain 3500m,1933
ustmean19342,1.09,White Mountain 3500m,1934
ustmean19352,-0.77,White Mountain 3500m,1935
ustmean19362,0.17,White Mountain 3500m,1936
ustmean19372,-0.63,White Mountain 3500m,1937
ustmean19382,-1.13,White Mountain 3500m,1938
ustmean19392,0.05,White Mountain 3500m,1939
ustmean19402,0.18,White Mountain 3500m,1940
ustmean19412,-1.57,White Mountain 3500m,1941
ustmean19422,-0.9,White Mountain 3500m,1942
ustmean19432,-0.26,White Mountain 3500m,1943
ustmean19442,-1.93,White Mountain 3500m,1944
ustmean19452,-1.4,White Mountain 3500m,1945
ustmean19462,-1.27,White Mountain 3500m,1946
ustmean19472,-1.2,White Mountain 3500m,1947
ustmean19482,-1.9,White Mountain 3500m,1948
ustmean19492,-1.85,White Mountain 3500m,1949
ustmean19502,-0.45,White Mountain 3500m,1950
ustmean19512,-1.02,White Mountain 3500m,1951
ustmean19522,-1.96,White Mountain 3500m,1952
ustmean19532,-1.08,White Mountain 3500m,1953
ustmean19542,-0.52,White Mountain 3500m,1954
ustmean19552,-1.69,White Mountain 3500m,1955
ustmean19562,-0.95,White Mountain 3500m,1956
ustmean19572,-1.34,White Mountain 3500m,1957
ustmean19582,-0.68,White Mountain 3500m,1958
ustmean19592,-0.91,White Mountain 3500m,1959
ustmean19602,-1.15,White Mountain 3500m,1960
ustmean19612,-0.43,White Mountain 3500m,1961
ustmean19622,-0.41,White Mountain 3500m,1962
ustmean19632,-1.11,White Mountain 3500m,1963
ustmean19642,-1.5,White Mountain 3500m,1964
ustmean19652,-1.34,White Mountain 3500m,1965
ustmean19662,0.19,White Mountain 3500m,1966
ustmean19672,-0.55,White Mountain 3500m,1967
ustmean19682,-0.49,White Mountain 3500m,1968
ustmean19692,-0.85,White Mountain 3500m,1969
ustmean19702,-1.02,White Mountain 3500m,1970
ustmean19712,-1.2,White Mountain 3500m,1971
ustmean19722,-0.32,White Mountain 3500m,1972
ustmean19732,-0.67,White Mountain 3500m,1973
ustmean19742,-0.95,White Mountain 3500m,1974
ustmean19752,-1.41,White Mountain 3500m,1975
ustmean19762,-0.59,White Mountain 3500m,1976
ustmean19772,-0.41,White Mountain 3500m,1977
ustmean19782,-0.95,White Mountain 3500m,1978
ustmean19792,-0.78,White Mountain 3500m,1979
ustmean19802,-0.84,White Mountain 3500m,1980
ustmean19812,-0.11,White Mountain 3500m,1981
ustmean19822,-2.02,White Mountain 3500m,1982
ustmean19832,-1.55,White Mountain 3500m,1983
ustmean19842,-0.87,White Mountain 3500m,1984
ustmean19852,-1.05,White Mountain 3500m,1985
ustmean19862,-0.51,White Mountain 3500m,1986
ustmean19872,-1,White Mountain 3500m,1987
ustmean19882,-0.39,White Mountain 3500m,1988
ustmean19892,-0.51,White Mountain 3500m,1989
ustmean19902,-0.84,White Mountain 3500m,1990
ustmean19912,-0.76,White Mountain 3500m,1991
ustmean19922,-0.24,White Mountain 3500m,1992
ustmean19932,-1.17,White Mountain 3500m,1993
ustmean19942,-0.72,White Mountain 3500m,1994
ustmean19952,-0.57,White Mountain 3500m,1995
ustmean19962,-0.08,White Mountain 3500m,1996
ustmean19972,-0.56,White Mountain 3500m,1997
ustmean19982,-2.01,White Mountain 3500m,1998
ustmean19992,-0.46,White Mountain 3500m,1999
ustmean20002,-0.28,White Mountain 3500m,2000
ustmean20012,-0.39,White Mountain 3500m,2001
ustmean20022,-0.4,White Mountain 3500m,2002
ustmean20032,-0.03,White Mountain 3500m,2003
ustmean20042,-0.33,White Mountain 3500m,2004
ustmean20052,-0.53,White Mountain 3500m,2005
ustmean20062,-0.61,White Mountain 3500m,2006
ustmean20072,-0.03,White Mountain 3500m,2007
ustmean20082,-0.19,White Mountain 3500m,2008
ustmean20092,-0.7,White Mountain 3500m,2009
ustmean20102,-1.25,White Mountain 3500m,2010
ustmean20112,-1.29,White Mountain 3500m,2011
tmean2011bi,1.376500011,4k PRISM White Mountain 3200m,2011
tmean2012bi,2.925166845,4k PRISM White Mountain 3200m,2012
tmean2013bi,2.467499971,4k PRISM White Mountain 3200m,2013
tmean2014bi,3.510833263,4k PRISM White Mountain 3200m,2014
tmean2015bi,2.857000113,4k PRISM White Mountain 3200m,2015
tmean2011bi1,1.432958245,4k PRISM White Mountain 3500m,2011
tmean2012bi1,2.553250074,4k PRISM White Mountain 3500m,2012
tmean2013bi1,2.251250029,4k PRISM White Mountain 3500m,2013
tmean2014bi1,3.044583321,4k PRISM White Mountain 3500m,2014
tmean2015bi1,2.46600008,4k PRISM White Mountain 3500m,2015
tmean2011bi2,-0.647916675,4k PRISM White Mountain 3800m,2011
tmean2012bi2,0.552333236,4k PRISM White Mountain 3800m,2012
tmean2013bi2,0.122083247,4k PRISM White Mountain 3800m,2013
tmean2014bi2,1.065833211,4k PRISM White Mountain 3800m,2014
tmean2015bi2,0.602000058,4k PRISM White Mountain 3800m,2015
tmean1962bi,1.396416783,4k PRISM White Mountain 3200m,1962
tmean1963bi,0.959875047,4k PRISM White Mountain 3200m,1963
tmean1964bi,0.851708353,4k PRISM White Mountain 3200m,1964
tmean1965bi,0.493249953,4k PRISM White Mountain 3200m,1965
tmean1966bi,0.847791672,4k PRISM White Mountain 3200m,1966
tmean1967bi,1.02229166,4k PRISM White Mountain 3200m,1967
tmean1968bi,1.222416639,4k PRISM White Mountain 3200m,1968
tmean1969bi,0.928750038,4k PRISM White Mountain 3200m,1969
tmean1970bi,1.058625102,4k PRISM White Mountain 3200m,1970
tmean1971bi,0.057833254,4k PRISM White Mountain 3200m,1971
tmean1972bi,0.694875062,4k PRISM White Mountain 3200m,1972
tmean1973bi,0.68208319,4k PRISM White Mountain 3200m,1973
tmean1974bi,1.049458504,4k PRISM White Mountain 3200m,1974
tmean1975bi,0.666958392,4k PRISM White Mountain 3200m,1975
tmean1976bi,1.2240417,4k PRISM White Mountain 3200m,1976
tmean1977bi,1.344375014,4k PRISM White Mountain 3200m,1977
tmean1978bi,0.119958401,4k PRISM White Mountain 3200m,1978
tmean1979bi,0.440416664,4k PRISM White Mountain 3200m,1979
tmean1980bi,0.732500017,4k PRISM White Mountain 3200m,1980
tmean1981bi,1.499583364,4k PRISM White Mountain 3200m,1981
tmean1982bi,-0.306124985,4k PRISM White Mountain 3200m,1982
tmean1983bi,0.015833298,4k PRISM White Mountain 3200m,1983
tmean1984bi,0.998583317,4k PRISM White Mountain 3200m,1984
tmean1985bi,0.907458246,4k PRISM White Mountain 3200m,1985
tmean1986bi,1.45737493,4k PRISM White Mountain 3200m,1986
tmean1987bi,0.930958331,4k PRISM White Mountain 3200m,1987
tmean1988bi,1.792124987,4k PRISM White Mountain 3200m,1988
tmean1989bi,1.999125004,4k PRISM White Mountain 3200m,1989
tmean1990bi,1.628500104,4k PRISM White Mountain 3200m,1990
tmean1991bi,1.758375049,4k PRISM White Mountain 3200m,1991
tmean1992bi,2.049333096,4k PRISM White Mountain 3200m,1992
tmean1993bi,1.123083353,4k PRISM White Mountain 3200m,1993
tmean1994bi,1.227874875,4k PRISM White Mountain 3200m,1994
tmean1995bi,1.350666761,4k PRISM White Mountain 3200m,1995
tmean1996bi,1.865541697,4k PRISM White Mountain 3200m,1996
tmean1997bi,1.642125011,4k PRISM White Mountain 3200m,1997
tmean1998bi,-0.144874975,4k PRISM White Mountain 3200m,1998
tmean1999bi,1.794208288,4k PRISM White Mountain 3200m,1999
tmean2000bi,1.791624904,4k PRISM White Mountain 3200m,2000
tmean2001bi,1.946166515,4k PRISM White Mountain 3200m,2001
tmean2002bi,1.997208238,4k PRISM White Mountain 3200m,2002
tmean2003bi,2.176249981,4k PRISM White Mountain 3200m,2003
tmean2004bi,1.779958248,4k PRISM White Mountain 3200m,2004
tmean2005bi,1.834833264,4k PRISM White Mountain 3200m,2005
tmean2006bi,1.35329175,4k PRISM White Mountain 3200m,2006
tmean2007bi,2.440624952,4k PRISM White Mountain 3200m,2007
tmean2008bi,2.090333462,4k PRISM White Mountain 3200m,2008
tmean2009bi,1.522333384,4k PRISM White Mountain 3200m,2009
tmean2010bi,1.035958409,4k PRISM White Mountain 3200m,2010
tmean1962bi1,1.017041802,4k PRISM White Mountain 3500m,1962
tmean1963bi1,0.530124962,4k PRISM White Mountain 3500m,1963
tmean1964bi1,-0.27274996,4k PRISM White Mountain 3500m,1964
tmean1965bi1,0.209249958,4k PRISM White Mountain 3500m,1965
tmean1966bi1,1.424500108,4k PRISM White Mountain 3500m,1966
tmean1967bi1,0.950166643,4k PRISM White Mountain 3500m,1967
tmean1968bi1,1.085999966,4k PRISM White Mountain 3500m,1968
tmean1969bi1,0.690208435,4k PRISM White Mountain 3500m,1969
tmean1970bi1,0.537375033,4k PRISM White Mountain 3500m,1970
tmean1971bi1,0.320291609,4k PRISM White Mountain 3500m,1971
tmean1972bi1,0.864750028,4k PRISM White Mountain 3500m,1972
tmean1973bi1,0.482708305,4k PRISM White Mountain 3500m,1973
tmean1974bi1,0.460541487,4k PRISM White Mountain 3500m,1974
tmean1975bi1,0.008583347,4k PRISM White Mountain 3500m,1975
tmean1976bi1,0.837958276,4k PRISM White Mountain 3500m,1976
tmean1977bi1,0.942500114,4k PRISM White Mountain 3500m,1977
tmean1978bi1,0.369083256,4k PRISM White Mountain 3500m,1978
tmean1979bi1,0.661583364,4k PRISM White Mountain 3500m,1979
tmean1980bi1,0.747416735,4k PRISM White Mountain 3500m,1980
tmean1981bi1,1.360416532,4k PRISM White Mountain 3500m,1981
tmean1982bi1,-0.655041695,4k PRISM White Mountain 3500m,1982
tmean1983bi1,-0.183333308,4k PRISM White Mountain 3500m,1983
tmean1984bi1,0.743875027,4k PRISM White Mountain 3500m,1984
tmean1985bi1,0.576249957,4k PRISM White Mountain 3500m,1985
tmean1986bi1,1.195291758,4k PRISM White Mountain 3500m,1986
tmean1987bi1,0.551499963,4k PRISM White Mountain 3500m,1987
tmean1988bi1,1.576458216,4k PRISM White Mountain 3500m,1988
tmean1989bi1,1.409249902,4k PRISM White Mountain 3500m,1989
tmean1990bi1,1.1040833,4k PRISM White Mountain 3500m,1990
tmean1991bi1,1.053250194,4k PRISM White Mountain 3500m,1991
tmean1992bi1,1.62970829,4k PRISM White Mountain 3500m,1992
tmean1993bi1,0.621791661,4k PRISM White Mountain 3500m,1993
tmean1994bi1,0.817083299,4k PRISM White Mountain 3500m,1994
tmean1995bi1,0.614250064,4k PRISM White Mountain 3500m,1995
tmean1996bi1,1.120249987,4k PRISM White Mountain 3500m,1996
tmean1997bi1,0.936166525,4k PRISM White Mountain 3500m,1997
tmean1998bi1,-0.678166688,4k PRISM White Mountain 3500m,1998
tmean1999bi1,1.326749921,4k PRISM White Mountain 3500m,1999
tmean2000bi1,1.440666676,4k PRISM White Mountain 3500m,2000
tmean2001bi1,1.574624896,4k PRISM White Mountain 3500m,2001
tmean2002bi1,1.432333231,4k PRISM White Mountain 3500m,2002
tmean2003bi1,1.90429163,4k PRISM White Mountain 3500m,2003
tmean2004bi1,1.429125071,4k PRISM White Mountain 3500m,2004
tmean2005bi1,1.319791794,4k PRISM White Mountain 3500m,2005
tmean2006bi1,0.866875052,4k PRISM White Mountain 3500m,2006
tmean2007bi1,1.820208192,4k PRISM White Mountain 3500m,2007
tmean2008bi1,1.429499984,4k PRISM White Mountain 3500m,2008
tmean2009bi1,1.318749905,4k PRISM White Mountain 3500m,2009
tmean2010bi1,0.945833266,4k PRISM White Mountain 3500m,2010
tmean1962bi2,-1.047708273,4k PRISM White Mountain 3800m,1962
tmean1963bi2,-1.540583372,4k PRISM White Mountain 3800m,1963
tmean1964bi2,-2.467874765,4k PRISM White Mountain 3800m,1964
tmean1965bi2,-1.764041543,4k PRISM White Mountain 3800m,1965
tmean1966bi2,-0.473916739,4k PRISM White Mountain 3800m,1966
tmean1967bi2,-1.039333344,4k PRISM White Mountain 3800m,1967
tmean1968bi2,-0.890875042,4k PRISM White Mountain 3800m,1968
tmean1969bi2,-1.373666763,4k PRISM White Mountain 3800m,1969
tmean1970bi2,-1.526458383,4k PRISM White Mountain 3800m,1970
tmean1971bi2,-1.552749872,4k PRISM White Mountain 3800m,1971
tmean1972bi2,-1.100541592,4k PRISM White Mountain 3800m,1972
tmean1973bi2,-1.54216671,4k PRISM White Mountain 3800m,1973
tmean1974bi2,-1.722333312,4k PRISM White Mountain 3800m,1974
tmean1975bi2,-2.099166632,4k PRISM White Mountain 3800m,1975
tmean1976bi2,-1.199249983,4k PRISM White Mountain 3800m,1976
tmean1977bi2,-1.124708414,4k PRISM White Mountain 3800m,1977
tmean1978bi2,-1.708833337,4k PRISM White Mountain 3800m,1978
tmean1979bi2,-1.432708263,4k PRISM White Mountain 3800m,1979
tmean1980bi2,-1.282916665,4k PRISM White Mountain 3800m,1980
tmean1981bi2,-0.422750056,4k PRISM White Mountain 3800m,1981
tmean1982bi2,-2.34087491,4k PRISM White Mountain 3800m,1982
tmean1983bi2,-1.971374989,4k PRISM White Mountain 3800m,1983
tmean1984bi2,-1.170250058,4k PRISM White Mountain 3800m,1984
tmean1985bi2,-1.332583308,4k PRISM White Mountain 3800m,1985
tmean1986bi2,-0.678499997,4k PRISM White Mountain 3800m,1986
tmean1987bi2,-1.208041668,4k PRISM White Mountain 3800m,1987
tmean1988bi2,-0.395708263,4k PRISM White Mountain 3800m,1988
tmean1989bi2,-0.636458278,4k PRISM White Mountain 3800m,1989
tmean1990bi2,-0.872749984,4k PRISM White Mountain 3800m,1990
tmean1991bi2,-0.800833285,4k PRISM White Mountain 3800m,1991
tmean1992bi2,-0.139708296,4k PRISM White Mountain 3800m,1992
tmean1993bi2,-1.091750145,4k PRISM White Mountain 3800m,1993
tmean1994bi2,-0.916791618,4k PRISM White Mountain 3800m,1994
tmean1995bi2,-1.05400002,4k PRISM White Mountain 3800m,1995
tmean1996bi2,-0.572375,4k PRISM White Mountain 3800m,1996
tmean1997bi2,-0.939083219,4k PRISM White Mountain 3800m,1997
tmean1998bi2,-2.376333237,4k PRISM White Mountain 3800m,1998
tmean1999bi2,-0.533583343,4k PRISM White Mountain 3800m,1999
tmean2000bi2,-0.200666577,4k PRISM White Mountain 3800m,2000
tmean2001bi2,-0.259333402,4k PRISM White Mountain 3800m,2001
tmean2002bi2,-0.400583357,4k PRISM White Mountain 3800m,2002
tmean2003bi2,-0.040416569,4k PRISM White Mountain 3800m,2003
tmean2004bi2,-0.498458326,4k PRISM White Mountain 3800m,2004
tmean2005bi2,-0.564624906,4k PRISM White Mountain 3800m,2005
tmean2006bi2,-0.802000105,4k PRISM White Mountain 3800m,2006
tmean2007bi2,0.110208444,4k PRISM White Mountain 3800m,2007
tmean2008bi2,-0.251083434,4k PRISM White Mountain 3800m,2008
tmean2009bi2,-0.328333408,4k PRISM White Mountain 3800m,2009
tmean2010bi2,-0.936624944,4k PRISM White Mountain 3800m,2010
